phenotype,t_stat,p_value
Phenotype_A,-185.25968404890764,0.0
Phenotype_B,-113.066628901756,0.0
Phenotype_C,471.1386307024241,0.0
Phenotype_D,625.5766382254533,0.0
Phenotype_E,79.01377391333611,0.0
