GENE_ID,ADJ_PVAL
ENSG00000226857,0.0
ENSG00000244693,0.0
ENSG00000239291,3.921332e-250
ENSG00000274556,7.245493e-250
ENSG00000273841,3.504779e-237
ENSG00000270259	,5.610788e-210
